Date,Open,High,Low,Close,Volume
2020/4/10 16:41,-40,10,27,62,38.5
2020/4/10 16:42,-43,-78,29,70,128.5
2020/4/10 16:43,-40,-47,36,72,100.5
2020/4/10 16:44,-44,-32,32,71,83.5
2020/4/10 16:45,-39,-35,36,71,88.5
2020/4/10 16:46,-50,-37,36,71,89
2020/4/10 16:47,-43,-44,30,68,93.5
2020/4/10 16:48,-46,-39,32,69,90.5
2020/4/10 16:49,-42,-37,31,71,88
2020/4/10 16:50,-45,-37,33,71,90
2020/4/10 16:51,-41,-5,33,73,21.5
2020/4/10 16:52,-48,-44,31,0,95
2020/4/10 16:53,-53,-42,29,71,93
2020/4/10 16:54,-48,-41,30,73,92.5
2020/4/10 16:55,-47,-40,31,73,92.5
2020/4/10 16:56,-44,-41,32,74,93.5
2020/4/10 16:57,-47,-41,32,73,93.5
2020/4/10 16:58,-47,-39,30,73,91
2020/4/10 16:59,-45,-39,33,74,92
2020/4/10 17:00,-46,-40,31,73,92
2020/4/10 17:01,-44,-40,34,73,93
2020/4/10 17:02,-48,-39,30,72,90.5
2020/4/10 17:03,-45,-39,32,73,90.5
2020/4/10 17:04,-49,-41,29,71,92
2020/4/10 17:05,-46,-40,30,73,91
2020/4/10 17:06,-47,-39,33,72,91
2020/4/10 17:07,-51,-39,35,71,93
2020/4/10 17:08,-45,-39,33,73,92
2020/4/10 17:09,-52,-40,35,73,93
2020/4/10 17:10,-48,-40,28,71,91
2020/4/10 17:11,-43,-38,35,74,92
2020/4/10 17:12,-48,-38,31,73,90
2020/4/10 17:13,-46,-39,30,73,90
2020/4/10 17:14,-49,-39,31,72,91
2020/4/10 17:15,-46,-38,30,73,89
2020/4/10 17:16,-49,-39,32,72,91
2020/4/10 17:17,-48,-39,30,72,90.5
2020/4/10 17:18,-44,-38,34,73,91
2020/4/10 17:19,-48,-39,30,72,90
2020/4/10 17:20,-47,-39,29,72,89.5
2020/4/10 17:21,-49,-38,33,72,90.5
2020/4/10 17:22,-46,-40,29,72,93
2020/4/10 17:23,-20,-35,40,77,91
2020/4/10 17:24,-48,-39,30,72,90.5
2020/4/10 17:25,-45,-38,31,73,89.5
2020/4/10 17:26,-48,-39,30,72,90
2020/4/10 17:27,-48,-40,31,72,91
2020/4/10 17:28,-50,-41,30,71,92
2020/4/10 17:29,-49,-39,31,72,89
2020/4/10 17:30,-56,-40,13,69,82.5
2020/4/10 17:31,-48,-40,31,72,91
2020/4/10 17:32,-47,-39,29,71,90
2020/4/10 17:33,-44,-39,32,73,91.5
2020/4/10 17:34,-46,-39,30,73,90
2020/4/10 17:35,-45,-39,33,72,92
2020/4/10 17:36,-47,-39,32,73,90.5
2020/4/10 17:37,-48,-39,33,71,92
2020/4/10 17:38,-47,-38,33,73,91
2020/4/10 17:39,-48,-39,31,73,91.5
2020/4/10 17:40,-45,-38,31,74,90
2020/4/10 17:41,-49,-39,31,73,91
2020/4/10 17:42,-47,-37,29,73,88.5
2020/4/10 17:43,-48,-38,34,74,91.5
2020/4/10 17:44,-46,-40,31,73,92.5
2020/4/10 17:45,-43,-37,34,74,90
2020/4/10 17:46,-47,-40,41,72,97.5
2020/4/10 17:47,-44,-38,33,74,90.5
2020/4/10 17:48,-49,-39,31,72,91
2020/4/10 17:49,-47,-38,31,73,90.5
2020/4/10 17:50,-46,-38,34,74,91.5
2020/4/10 17:51,-48,-38,32,73,90
2020/4/10 17:52,-47,-40,29,72,91.5
2020/4/10 17:53,-42,-39,34,74,92
2020/4/10 17:54,-48,-39,30,72,90.5
2020/4/10 17:55,-44,-39,34,73,92.5
2020/4/10 17:56,-47,-38,31,73,90.5
2020/4/10 17:57,-44,-39,31,74,93.5
2020/4/10 17:58,-15,-35,44,78,93.5
2020/4/10 17:59,-47,-39,31,73,91.5
2020/4/10 18:00,-42,-39,35,74,93
2020/4/10 18:01,-48,-39,33,73,93
2020/4/10 18:02,-44,10,33,75,43.5
2020/4/10 18:03,-44,15,35,74,38.5
2020/4/10 18:04,-48,-33,32,72,86
2020/4/10 18:05,-44,-42,32,74,94.5
2020/4/10 18:06,-48,-41,32,73,93.5
2020/4/10 18:07,-47,-39,33,73,92.5
2020/4/10 18:08,-44,-39,34,74,93
2020/4/10 18:09,-46,-39,34,74,92.5
2020/4/10 18:10,-47,-40,30,73,91.5
2020/4/10 18:11,-46,-41,33,73,92.5
2020/4/10 18:12,-50,-42,26,70,91
2020/4/10 18:13,-45,-41,32,72,92
2020/4/10 18:14,-52,-43,29,70,93
2020/4/10 18:15,-47,-43,30,71,94
2020/4/10 18:16,-46,-41,29,72,91.5
2020/4/10 18:17,-50,-32,33,72,83
2020/4/10 18:18,-47,-48,25,69,94.5
2020/4/10 18:19,-51,-47,28,68,95
2020/4/10 18:20,-48,-46,25,68,96.5
2020/4/10 18:21,-43,-39,35,76,93.5
2020/4/10 18:22,-46,-40,32,74,91
2020/4/10 18:23,-52,-45,8,70,85.5
2020/4/10 18:24,-46,-42,33,73,95.5
2020/4/10 18:25,-44,-42,32,74,95
2020/4/10 18:26,-41,-40,36,74,95
2020/4/10 18:27,-46,-40,32,74,94
2020/4/10 18:28,-42,-39,33,76,93
2020/4/10 18:29,-46,-38,35,75,93
2020/4/10 18:30,-44,-39,32,75,92.5
2020/4/10 18:31,-42,-40,35,75,94.5
2020/4/10 18:32,-46,-41,32,74,94
2020/4/10 18:33,-43,-40,34,74,93.5
2020/4/10 18:34,-46,-41,32,73,93.5
2020/4/10 18:35,-45,-42,29,73,94
2020/4/10 18:36,-45,-40,36,75,94
2020/4/10 18:37,-51,-40,35,72,94.5
2020/4/10 18:38,-44,-41,31,74,92.5
2020/4/10 18:39,-47,-42,31,72,94.5
2020/4/10 18:40,-43,-40,31,74,92.5
2020/4/10 18:41,-47,-41,34,74,94
2020/4/10 18:42,-46,-42,29,72,93.5
2020/4/10 18:43,-44,-42,33,74,97.5
2020/4/10 18:44,-44,-39,42,78,97
2020/4/10 18:45,-42,-41,34,74,95.5
2020/4/10 18:46,-49,-40,38,75,95.5
2020/4/10 18:47,-47,-41,32,73,94
2020/4/10 18:48,-43,-41,33,74,93.5
2020/4/10 18:49,-47,-42,31,72,94
2020/4/10 18:50,-45,-46,30,73,97.5
2020/4/10 18:51,-46,-45,29,73,96.5
2020/4/10 18:52,-42,-44,36,74,98.5
2020/4/10 18:53,-52,-44,38,73,100
2020/4/10 18:54,-45,-43,30,74,95
2020/4/10 18:55,-45,-44,35,74,98
2020/4/10 18:56,-45,-45,30,73,96.5
2020/4/10 18:57,-46,-44,34,73,97.5
2020/4/10 18:58,-46,-44,33,73,97.5
2020/4/10 18:59,-45,-45,30,74,98
2020/4/10 19:00,-44,-43,42,76,100.5
2020/4/10 19:01,-45,-44,30,73,96
2020/4/10 19:02,-43,-43,35,74,97
2020/4/10 19:03,-46,-44,32,73,97
2020/4/10 19:04,-41,-44,35,74,98.5
2020/4/10 19:05,-46,-44,33,74,97.5
2020/4/10 19:06,-42,-42,35,74,96.5
2020/4/10 19:07,-42,-44,33,74,96.5
2020/4/10 19:08,-47,-45,31,72,97.5
2020/4/10 19:09,-43,-42,33,74,95
2020/4/10 19:10,-47,-45,33,73,98.5
2020/4/10 19:11,-44,-43,31,74,95.5
2020/4/10 19:12,-42,-44,35,74,98
2020/4/10 19:13,-46,-43,32,73,96
2020/4/10 19:14,-43,-44,31,74,96.5
2020/4/10 19:15,-46,-44,33,74,97.5
2020/4/10 19:16,-44,-43,31,74,96
2020/4/10 19:17,-46,-42,35,75,95
2020/4/10 19:18,-50,-47,33,71,100
2020/4/10 19:19,-45,-45,34,73,98
2020/4/10 19:20,-47,-45,31,72,96.5
2020/4/10 19:21,-45,-46,29,72,96
2020/4/10 19:22,-47,-47,32,71,99
2020/4/10 19:23,-46,-44,29,72,95
2020/4/10 19:24,-42,-44,35,73,97.5
2020/4/10 19:25,-47,-45,33,72,98
2020/4/10 19:26,-45,-44,31,73,96
2020/4/10 19:27,-43,-44,33,73,96.5
2020/4/10 19:28,-47,-45,32,72,97
2020/4/10 19:29,-44,-46,30,72,97.5
2020/4/10 19:30,-46,-44,34,73,96.5
2020/4/10 19:31,-50,-46,34,71,100
2020/4/10 19:32,-42,-43,35,74,97
2020/4/10 19:33,-46,-45,31,73,98
2020/4/10 19:34,-41,-43,35,75,97
2020/4/10 19:35,-45,-45,35,73,99.5
2020/4/10 19:36,-44,-44,30,74,95.5
2020/4/10 19:37,-46,-45,34,73,98.5
2020/4/10 19:38,-51,-45,39,73,101.5
2020/4/10 19:39,-42,-43,36,74,97.5
2020/4/10 19:40,-45,-45,32,73,98.5
2020/4/10 19:41,-41,-43,34,75,97
2020/4/10 19:42,-46,-44,34,74,97.5
2020/4/10 19:43,-44,-44,31,73,96.5
2020/4/10 19:44,-44,-44,34,74,98
2020/4/10 19:45,-45,-43,33,74,96
2020/4/10 19:46,-46,-45,32,73,98.5
2020/4/10 19:47,-41,-43,36,75,97.5
2020/4/10 19:48,-46,-45,32,73,98.5
2020/4/10 19:49,-42,-42,34,75,95.5
2020/4/10 19:50,-46,-45,33,73,99
2020/4/10 19:51,-44,-43,33,75,98.5
2020/4/10 19:52,-22,-39,41,78,96.5
2020/4/10 19:53,-45,-42,31,74,94.5
2020/4/10 19:54,-42,-43,35,74,97
2020/4/10 19:55,-47,-46,31,73,99
2020/4/10 19:56,-42,-42,36,75,96.5
2020/4/10 19:57,-46,-44,33,73,97
2020/4/10 19:58,-46,-45,31,73,99
2020/4/10 19:59,-39,-39,40,77,95.5
2020/4/10 20:00,-46,-45,32,73,98
2020/4/10 20:01,-45,-45,31,74,97
2020/4/10 20:02,-47,-45,33,73,98.5
2020/4/10 20:03,-45,-43,32,74,96
2020/4/10 20:04,-44,-45,35,74,99
2020/4/10 20:05,-46,-45,32,73,96
2020/4/10 20:06,-57,-47,10,70,90
2020/4/10 20:07,-45,15,33,76,37.5
2020/4/10 20:08,-46,14,31,72,38.5
2020/4/10 20:09,-42,15,36,74,39.5
2020/4/10 20:10,-43,15,32,73,36
2020/4/10 20:11,-51,-44,20,70,90
2020/4/10 20:12,-46,-47,31,72,99.5
2020/4/10 20:13,-42,-45,35,74,99
2020/4/10 20:14,-47,-45,33,73,98
2020/4/10 20:15,-45,-46,30,73,98
2020/4/10 20:16,-42,-45,34,74,98.5
2020/4/10 20:17,-46,-45,31,73,97
2020/4/10 20:18,-56,-45,6,73,84.5
2020/4/10 20:19,-47,-45,32,73,98
2020/4/10 20:20,-45,-44,30,74,95.5
2020/4/10 20:21,-46,-45,34,73,98.5
2020/4/10 20:22,-46,-44,30,73,96
2020/4/10 20:23,-42,-44,35,74,98.5
2020/4/10 20:24,-45,-44,33,74,97
2020/4/10 20:25,-46,-45,32,73,98.5
2020/4/10 20:26,-42,-43,36,75,98
2020/4/10 20:27,-46,-44,35,74,99
2020/4/10 20:28,-44,-44,33,75,97.5
2020/4/10 20:29,-47,-44,34,74,98
2020/4/10 20:30,-45,-44,31,74,96.5
2020/4/10 20:31,-47,-44,35,74,98
2020/4/10 20:32,-49,-44,39,73,101
2020/4/10 20:33,-42,-44,37,75,99
2020/4/10 20:34,-47,-44,31,73,96.5
2020/4/10 20:35,-43,-43,35,74,97
2020/4/10 20:36,-48,-45,34,73,98
2020/4/10 20:37,-44,-18,30,72,69.5
2020/4/10 20:38,-45,15,31,73,38.5
2020/4/10 20:39,-30,18,41,76,38.5
2020/4/10 20:40,-47,14,32,72,38
2020/4/10 20:41,-47,14,32,72,39
2020/4/10 20:42,-44,-28,32,74,81
2020/4/10 20:43,-46,-44,36,74,100
2020/4/10 20:44,-49,-41,39,76,98
2020/4/10 20:45,-41,-43,36,75,97.5
2020/4/10 20:46,-48,-45,39,73,101
2020/4/10 20:47,-44,-43,30,73,94.5
2020/4/10 20:48,-48,-43,34,73,96.5
2020/4/10 20:49,-47,-44,34,73,98
2020/4/10 20:50,-44,-43,31,74,95
2020/4/10 20:51,-46,-43,32,73,96
2020/4/10 20:52,-30,-45,34,74,99.5
2020/4/10 20:53,-46,-43,33,75,97
2020/4/10 20:54,-45,-43,31,75,96.5
2020/4/10 20:55,-46,-41,34,76,95.5
2020/4/10 20:56,-45,-43,31,75,96.5
2020/4/10 20:57,-40,-44,36,76,99.5
2020/4/10 20:58,-45,-43,32,75,97
2020/4/10 20:59,-42,-42,36,76,99
2020/4/10 21:00,-37,-39,43,78,97.5
2020/4/10 21:01,-46,-45,31,74,100
2020/4/10 21:02,-46,-40,41,79,98.5
2020/4/10 21:03,-45,-42,32,76,95.5
2020/4/10 21:04,-43,-43,35,75,98.5
2020/4/10 21:05,-45,-42,33,76,97
2020/4/10 21:06,-42,-41,36,77,97
2020/4/10 21:07,-47,-43,34,76,98
2020/4/10 21:08,-47,-43,34,76,99
2020/4/10 21:09,-47,-39,29,78,91
2020/4/10 21:10,-45,-44,32,75,98
2020/4/10 21:11,-42,-43,36,76,99
2020/4/10 21:12,-47,-43,35,76,98
2020/4/10 21:13,-46,-44,32,75,98
2020/4/10 21:14,-44,-43,32,76,97
2020/4/10 21:15,-46,-42,35,76,98
2020/4/10 21:16,-44,-42,32,77,96.5
2020/4/10 21:17,-43,-43,35,77,98
2020/4/10 21:18,-46,-45,32,75,99.5
2020/4/10 21:19,-43,-42,34,77,96.5
2020/4/10 21:20,-47,-43,34,75,97.5
2020/4/10 21:21,-52,-44,13,75,88.5
2020/4/10 21:22,-48,-43,34,76,98
2020/4/10 21:23,-46,-43,31,76,96.5
2020/4/10 21:24,-46,-42,36,76,97.5
2020/4/10 21:25,-47,-44,32,75,96
2020/4/10 21:26,-51,-46,23,72,96
2020/4/10 21:27,-43,-43,36,77,99.5
2020/4/10 21:28,-43,-42,33,77,96
2020/4/10 21:29,-48,-44,34,75,99
2020/4/10 21:30,-47,-43,32,76,97
2020/4/10 21:31,-46,-43,31,76,97
2020/4/10 21:32,-42,-42,38,77,98
2020/4/10 21:33,-48,-44,31,74,98
2020/4/10 21:34,-42,-42,36,77,98
2020/4/10 21:35,-46,-43,34,76,98
2020/4/10 21:36,-44,-44,33,76,98.5
2020/4/10 21:37,-48,-43,34,76,98
2020/4/10 21:38,-46,-42,32,76,96.5
2020/4/10 21:39,-46,-42,36,77,99.5
2020/4/10 21:40,-51,-40,41,79,98.5
2020/4/10 21:41,-45,-44,35,76,99.5
2020/4/10 21:42,-52,-44,40,76,101.5
2020/4/10 21:43,-47,-47,30,75,100.5
2020/4/10 21:44,-43,-46,36,77,101.5
2020/4/10 21:45,-48,-47,31,75,100.5
2020/4/10 21:46,-45,-45,33,76,99
2020/4/10 21:47,-49,-47,33,75,101
2020/4/10 21:48,-47,-47,30,75,102
2020/4/10 21:49,-36,-43,43,80,102
2020/4/10 21:50,-47,-46,31,75,99.5
2020/4/10 21:51,-46,-45,31,76,98.5
2020/4/10 21:52,-48,-46,34,76,100.5
2020/4/10 21:53,-48,-47,30,75,100.5
2020/4/10 21:54,-43,-43,36,77,99
2020/4/10 21:55,-48,-46,32,76,101
2020/4/10 21:56,-44,-44,35,78,99.5
2020/4/10 21:57,-48,-47,35,76,102.5
2020/4/10 21:58,-48,-45,30,76,98.5
2020/4/10 21:59,-45,-45,36,77,101.5
2020/4/10 22:00,-46,-44,33,77,99.5
2020/4/10 22:01,-45,-45,33,78,100
2020/4/10 22:02,-47,-45,35,77,99
2020/4/10 22:03,-52,-49,28,73,101.5
2020/4/10 22:04,-45,-45,36,77,101.5
2020/4/10 22:05,-47,-45,35,77,101.5
2020/4/10 22:06,-45,-44,35,78,100
2020/4/10 22:07,-49,-45,35,77,101
2020/4/10 22:08,-45,-44,33,77,99
2020/4/10 22:09,-49,-46,35,77,102.5
2020/4/10 22:10,-51,-43,43,78,103
2020/4/10 22:11,-46,-45,36,77,101.5
2020/4/10 22:12,-48,-45,32,77,100
2020/4/10 22:13,-43,-45,37,78,102
2020/4/10 22:14,-48,-45,33,77,99.5
2020/4/10 22:15,-48,-46,32,76,100.5
2020/4/10 22:16,-49,18,36,77,37
2020/4/10 22:17,-52,14,33,74,40
2020/4/10 22:18,-44,-46,32,75,100
2020/4/10 22:19,-49,-47,33,76,101.5
2020/4/10 22:20,-48,-47,31,76,101.5
2020/4/10 22:21,-45,-44,36,78,101
2020/4/10 22:22,-45,-45,36,78,102.5
2020/4/10 22:23,-43,-43,38,79,101
2020/4/10 22:24,-44,-44,35,78,99.5
2020/4/10 22:25,-49,-46,33,76,101.5
2020/4/10 22:26,-46,-44,33,78,99
2020/4/10 22:27,-49,-45,34,77,100.5
2020/4/10 22:28,-48,-43,32,77,98
2020/4/10 22:29,-46,-45,36,78,101.5
2020/4/10 22:30,-49,-46,33,77,103.5
2020/4/10 22:31,-45,-35,42,82,94.5
2020/4/10 22:32,-48,-43,34,77,99
2020/4/10 22:33,-47,-39,35,78,95
2020/4/10 22:34,-49,-42,35,77,98.5
2020/4/10 22:35,-47,-41,32,78,95.5
2020/4/10 22:36,-50,-42,35,77,98
2020/4/10 22:37,-49,-42,36,77,99
2020/4/10 22:38,-46,-42,33,78,97
2020/4/10 22:39,-49,-42,36,77,99
2020/4/10 22:40,-46,-41,33,78,97
2020/4/10 22:41,-43,-41,38,79,98.5
2020/4/10 22:42,-48,-42,35,77,98
2020/4/10 22:43,-48,-42,32,77,97.5
2020/4/10 22:44,-45,-40,38,79,97.5
2020/4/10 22:45,-49,-43,33,77,99
2020/4/10 22:46,-45,-41,34,79,97
2020/4/10 22:47,-49,-41,36,78,97.5
2020/4/10 22:48,-48,-43,32,77,97.5
2020/4/10 22:49,-46,-43,36,77,99.5
2020/4/10 22:50,-48,-43,32,77,97.5
2020/4/10 22:51,-46,-42,37,77,98.5
2020/4/10 22:52,-48,14,31,76,12
2020/4/10 22:53,-45,-42,38,21,100
2020/4/10 22:54,-48,-42,31,78,96.5
2020/4/10 22:55,-48,-42,35,78,98
2020/4/10 22:56,-49,-44,31,77,98.5
2020/4/10 22:57,-49,-43,32,78,98.5
2020/4/10 22:58,-44,-42,36,79,98.5
2020/4/10 22:59,-49,-44,33,77,99.5
2020/4/10 23:00,-46,-44,34,78,100
2020/4/10 23:01,-49,-42,34,78,98.5
2020/4/10 23:02,-47,-42,32,79,97
2020/4/10 23:03,-49,-45,33,78,100.5
2020/4/10 23:04,-50,-44,33,78,99
2020/4/10 23:05,-54,-43,13,77,89
2020/4/10 23:06,-49,-42,36,79,99.5
2020/4/10 23:07,-46,-43,33,79,98.5
2020/4/10 23:08,-50,-43,35,78,99.5
2020/4/10 23:09,-48,-43,33,78,99
2020/4/10 23:10,-44,-43,36,79,100
2020/4/10 23:11,-50,-44,33,78,98.5
2020/4/10 23:12,-53,-44,31,76,99
2020/4/10 23:13,-49,-42,36,79,98.5
2020/4/10 23:14,-48,-43,31,77,97.5
2020/4/10 23:15,-46,-44,36,78,100.5
2020/4/10 23:16,-49,-44,34,77,100
2020/4/10 23:17,-46,-43,35,78,99
2020/4/10 23:18,-49,-42,33,77,98.5
2020/4/10 23:19,-46,-41,34,80,98
2020/4/10 23:20,-44,-41,36,80,98
2020/4/10 23:21,-50,-44,33,78,100
2020/4/10 23:22,-47,-43,33,79,98.5
2020/4/10 23:23,-50,-43,34,78,99
2020/4/10 23:24,-48,-44,31,78,98.5
2020/4/10 23:25,-48,-43,37,78,100.5
2020/4/10 23:26,-47,-43,32,78,99
2020/4/10 23:27,-44,-43,37,80,101
2020/4/10 23:28,-53,-44,41,79,103
2020/4/10 23:29,-48,-44,31,77,103.5
2020/4/10 23:30,-41,-34,48,88,97.5
2020/4/10 23:31,-51,-41,31,79,94
2020/4/10 23:32,-50,-47,29,75,102.5
2020/4/10 23:33,-50,-40,45,82,99.5
2020/4/10 23:34,-53,-48,28,74,101
2020/4/10 23:35,-53,-44,34,78,99
2020/4/10 23:36,-55,-46,30,76,99.5
2020/4/10 23:37,-57,-44,40,77,100
2020/4/10 23:38,-56,-48,27,72,99
2020/4/10 23:39,-53,-46,28,75,98
2020/4/10 23:40,-50,-47,33,76,101
2020/4/10 23:41,-53,-47,32,75,101.5
2020/4/10 23:42,-48,-45,35,77,100.5
2020/4/10 23:43,-53,-46,33,76,101
2020/4/10 23:44,-50,-44,32,77,101
2020/4/10 23:45,-30,-40,42,82,100
2020/4/10 23:46,-50,-44,31,78,100
2020/4/10 23:47,-48,-42,40,81,101
2020/4/10 23:48,-50,-44,32,78,99
2020/4/10 23:49,-51,-44,32,78,99.5
2020/4/10 23:50,-47,-43,37,79,100
2020/4/10 23:51,-51,-44,32,77,99.5
2020/4/10 23:52,-48,-43,33,79,98.5
2020/4/10 23:53,-52,-44,35,78,101
2020/4/10 23:54,-48,-42,33,79,97.5
2020/4/10 23:55,-51,-44,36,78,101.5
2020/4/10 23:56,-49,-44,33,79,100
2020/4/10 23:57,-48,-43,36,79,100
2020/4/10 23:58,-50,-44,35,78,99.5
2020/4/10 23:59,-60,-47,10,76,91.5
2020/4/11 0:00,-51,-43,35,79,98.5
2020/4/11 0:01,-57,-45,11,76,90.5
2020/4/11 0:02,-49,-42,38,80,101
2020/4/11 0:03,-48,-44,34,80,101
2020/4/11 0:04,-48,-43,33,80,100
2020/4/11 0:05,-45,-42,40,81,102
2020/4/11 0:06,-47,-42,36,80,100
2020/4/11 0:07,-46,-43,38,80,101
2020/4/11 0:08,-51,-44,34,78,100.5
2020/4/11 0:09,-47,-43,36,79,100
2020/4/11 0:10,-51,-45,35,78,102
2020/4/11 0:11,-48,-43,35,79,100.5
2020/4/11 0:12,-48,-42,37,80,100
2020/4/11 0:13,-51,-44,40,79,104.5
2020/4/11 0:14,-45,-42,39,81,101
2020/4/11 0:15,-50,-44,35,79,102.5
2020/4/11 0:16,-46,-41,36,82,100
2020/4/11 0:17,-47,-41,39,82,99.5
2020/4/11 0:18,-48,-45,32,78,100.5
2020/4/11 0:19,-47,18,35,79,41
2020/4/11 0:20,-43,-41,46,83,104.5
2020/4/11 0:21,-45,-40,37,81,99.5
2020/4/11 0:22,-52,-45,45,82,108.5
2020/4/11 0:23,-43,-42,39,82,102.5
2020/4/11 0:24,-45,-39,37,82,98.5
2020/4/11 0:25,-47,-41,39,82,101
2020/4/11 0:26,-46,-43,34,81,103
2020/4/11 0:27,-29,-38,44,86,100.5
2020/4/11 0:28,-46,-42,36,81,103
2020/4/11 0:29,-26,-38,41,86,98.5
2020/4/11 0:30,-48,-44,35,80,102
2020/4/11 0:31,-46,-43,36,81,101.5
2020/4/11 0:32,-44,-43,39,81,102
2020/4/11 0:33,-49,-44,36,79,102
2020/4/11 0:34,-45,-43,37,80,101
2020/4/11 0:35,-49,-45,37,79,103
2020/4/11 0:36,-48,-44,34,79,101
2020/4/11 0:37,-43,-44,39,80,103.5
2020/4/11 0:38,-46,-44,35,80,101.5
2020/4/11 0:39,-47,-43,39,80,103
2020/4/11 0:40,-48,17,37,81,43
2020/4/11 0:41,-41,23,46,83,39
2020/4/11 0:42,-48,16,37,78,41.5
2020/4/11 0:43,-49,16,37,78,42
2020/4/11 0:44,-44,17,35,79,39.5
2020/4/11 0:45,-46,15,34,78,42
2020/4/11 0:46,-48,19,32,80,36.5
2020/4/11 0:47,-48,-44,36,79,102
2020/4/11 0:48,-48,-42,29,80,95.5
2020/4/11 0:49,-48,-45,34,78,100.5
2020/4/11 0:50,-47,-44,33,77,100.5
2020/4/11 0:51,-43,-42,37,80,99.5
2020/4/11 0:52,-45,-43,33,78,99
2020/4/11 0:53,-42,-45,39,79,104
2020/4/11 0:54,-46,-42,35,79,101
2020/4/11 0:55,-22,-37,44,83,98
2020/4/11 0:56,-46,-44,34,78,100.5
2020/4/11 0:57,-43,-43,38,79,101
2020/4/11 0:58,-47,-43,36,78,100.5
2020/4/11 0:59,-45,-42,33,79,98
2020/4/11 1:00,-46,-42,38,79,100.5
2020/4/11 1:01,-46,-43,33,79,98.5
2020/4/11 1:02,-45,-43,33,78,99
2020/4/11 1:03,-45,-43,36,79,100.5
2020/4/11 1:04,-45,-43,34,79,100
2020/4/11 1:05,-41,-41,38,80,99
2020/4/11 1:06,-46,-43,36,78,101.5
2020/4/11 1:07,-42,-41,37,81,98.5
2020/4/11 1:08,-47,-44,36,78,99.5
2020/4/11 1:09,-51,-45,28,75,98.5
2020/4/11 1:10,-47,-43,37,79,101
2020/4/11 1:11,-45,-42,35,79,99
2020/4/11 1:12,-42,-42,39,79,100.5
2020/4/11 1:13,-46,-44,33,78,99
2020/4/11 1:14,-48,-44,42,77,104
2020/4/11 1:15,-47,-44,36,78,101
2020/4/11 1:16,-47,-44,34,78,101
2020/4/11 1:17,-42,-39,37,80,96.5
2020/4/11 1:18,-45,-43,36,78,100.5
2020/4/11 1:19,-44,-42,34,79,98
2020/4/11 1:20,-47,-43,36,78,99.5
2020/4/11 1:21,-45,-44,33,77,99.5
2020/4/11 1:22,-45,-44,36,78,100.5
2020/4/11 1:23,-47,-43,36,77,99.5
2020/4/11 1:24,-45,-44,33,77,99.5
2020/4/11 1:25,-43,-43,36,78,99
2020/4/11 1:26,-46,-46,34,76,102
2020/4/11 1:27,-41,-42,37,78,98.5
2020/4/11 1:28,-47,-45,32,76,100
2020/4/11 1:29,-44,-43,33,78,100
2020/4/11 1:30,-30,-40,44,81,100.5
2020/4/11 1:31,-45,-44,32,77,100.5
2020/4/11 1:32,-21,-40,42,81,99
2020/4/11 1:33,-47,-45,33,76,100
2020/4/11 1:34,-42,-44,38,77,100.5
2020/4/11 1:35,-48,-46,33,75,101.5
2020/4/11 1:36,-44,-44,33,78,99
2020/4/11 1:37,-46,-43,37,77,99.5
2020/4/11 1:38,-45,-45,33,76,99.5
2020/4/11 1:39,-46,-44,32,76,99
2020/4/11 1:40,-44,-43,36,78,99.5
2020/4/11 1:41,-46,-43,33,77,97.5
2020/4/11 1:42,-46,-44,36,76,100.5
2020/4/11 1:43,-46,-44,33,77,99
2020/4/11 1:44,-42,-43,37,77,99.5
2020/4/11 1:45,-47,-45,33,76,98.5
2020/4/11 1:46,-49,-46,32,74,100
2020/4/11 1:47,-46,-45,36,76,99.5
2020/4/11 1:48,-52,-47,33,73,101.5
2020/4/11 1:49,-43,-44,36,76,100
2020/4/11 1:50,-46,-44,33,76,99.5
2020/4/11 1:51,-42,-43,34,78,98.5
2020/4/11 1:52,-46,-42,35,77,96.5
2020/4/11 1:53,-49,-46,39,74,103.5
2020/4/11 1:54,-43,-45,37,76,101.5
2020/4/11 1:55,-45,-45,33,76,99.5
2020/4/11 1:56,-44,-43,33,76,98
2020/4/11 1:57,-44,-44,33,77,98
2020/4/11 1:58,-48,-44,34,75,98
2020/4/11 1:59,-51,-46,27,74,97
2020/4/11 2:00,-45,-44,36,75,99.5
2020/4/11 2:01,-45,-44,31,75,97.5
2020/4/11 2:02,-43,-43,36,76,99
2020/4/11 2:03,-45,-44,32,76,98.5
2020/4/11 2:04,-41,-42,36,77,98
2020/4/11 2:05,-46,-42,35,76,97
2020/4/11 2:06,-46,-46,34,75,101.5
2020/4/11 2:07,-44,-44,33,77,98
2020/4/11 2:08,-46,-43,34,75,98
2020/4/11 2:09,-43,-43,33,76,97.5
2020/4/11 2:10,-46,-44,35,76,99.5
2020/4/11 2:11,-47,-42,44,76,102
2020/4/11 2:12,-47,-43,35,76,98.5
2020/4/11 2:13,-51,-43,41,76,101
2020/4/11 2:14,-46,-44,30,75,97
2020/4/11 2:15,-42,-43,36,76,98
2020/4/11 2:16,-47,-45,32,74,99.5
2020/4/11 2:17,-41,-43,37,77,99
2020/4/11 2:18,-48,-45,34,75,99.5
2020/4/11 2:19,-45,-43,30,75,97.5
2020/4/11 2:20,-48,-41,44,79,100.5
2020/4/11 2:21,-46,-45,30,75,98
2020/4/11 2:22,-44,-44,36,76,101.5
2020/4/11 2:23,-42,-41,36,79,97
2020/4/11 2:24,-42,-44,35,76,99
2020/4/11 2:25,-45,-44,34,75,99.5
2020/4/11 2:26,-42,-42,36,77,99
2020/4/11 2:27,-42,-41,35,78,96.5
2020/4/11 2:28,-44,16,38,76,40.5
2020/4/11 2:29,-49,15,41,75,43
2020/4/11 2:30,-47,-51,34,75,105
2020/4/11 2:31,-46,-47,41,74,106
2020/4/11 2:32,-41,-42,36,77,97
2020/4/11 2:33,-46,-45,32,74,99.5
2020/4/11 2:34,-42,-42,38,77,99.5
2020/4/11 2:35,-42,-41,35,77,95.5
2020/4/11 2:36,-46,-45,33,74,99.5
2020/4/11 2:37,-44,-44,32,76,98
2020/4/11 2:38,-46,-65,34,76,120.5
2020/4/11 2:39,-44,-68,32,77,123.5
2020/4/11 2:40,-45,-63,37,79,120
2020/4/11 2:41,-44,-63,32,77,117.5
2020/4/11 2:42,-45,-64,31,77,119.5
2020/4/11 2:43,-46,-62,39,80,119.5
2020/4/11 2:44,-44,-66,31,76,120
2020/4/11 2:45,-43,-65,36,77,121.5
2020/4/11 2:46,-46,-66,33,77,121.5
2020/4/11 2:47,-41,-62,38,78,119.5
2020/4/11 2:48,-45,-66,33,77,121
2020/4/11 2:49,-44,-65,32,77,119
2020/4/11 2:50,-44,-65,35,76,118.5
2020/4/11 2:51,-50,-70,29,72,120
2020/4/11 2:52,-52,-66,29,71,115
2020/4/11 2:53,-50,-72,25,69,122
2020/4/11 2:54,-34,-65,34,75,116.5
2020/4/11 2:55,-51,-72,25,69,121.5
2020/4/11 2:56,-44,-65,33,74,116.5
2020/4/11 2:57,-50,8,29,70,42.5
2020/4/11 2:58,-44,11,30,72,40.5
2020/4/11 2:59,-42,12,34,73,40.5
2020/4/11 3:00,-43,12,33,71,39
2020/4/11 3:01,-46,-75,25,69,122.5
2020/4/11 3:02,-49,-72,27,70,122
2020/4/11 3:03,-45,-66,28,73,116.5
2020/4/11 3:04,-46,-66,32,73,118
2020/4/11 3:05,-46,-69,27,72,119
2020/4/11 3:06,-54,-68,6,73,111
2020/4/11 3:07,-42,-62,36,80,120.5
2020/4/11 3:08,-50,-61,22,81,114
2020/4/11 3:09,-37,-57,44,84,119.5
2020/4/11 3:10,-41,-60,38,81,120.5
2020/4/11 3:11,-37,-60,43,83,122
2020/4/11 3:12,-44,-61,39,81,119.5
2020/4/11 3:13,-46,-64,37,78,122.5
2020/4/11 3:14,-44,-62,37,80,120.5
2020/4/11 3:15,-44,-60,37,80,118.5
2020/4/11 3:16,-40,-65,37,80,123
2020/4/11 3:17,-45,-65,37,79,124
2020/4/11 3:18,-36,-64,39,81,124.5
2020/4/11 3:19,-39,-63,38,82,122.5
2020/4/11 3:20,-43,-64,41,81,125.5
2020/4/11 3:21,-38,-64,39,82,124
2020/4/11 3:22,-42,-66,37,81,125
2020/4/11 3:23,-41,-65,35,81,123
2020/4/11 3:24,-42,-63,38,81,122.5
2020/4/11 3:25,-41,-65,35,81,123.5
2020/4/11 3:26,-38,-65,40,82,125
2020/4/11 3:27,-43,-65,35,80,122.5
2020/4/11 3:28,-39,-66,38,80,125
2020/4/11 3:29,-44,-66,36,80,124
2020/4/11 3:30,-42,-65,34,80,125
2020/4/11 3:31,-23,-61,47,86,124
2020/4/11 3:32,-43,-68,36,79,126.5
2020/4/11 3:33,-40,-65,37,81,124
2020/4/11 3:34,-43,-65,37,81,123.5
2020/4/11 3:35,-42,-65,34,80,122.5
2020/4/11 3:36,-42,-65,39,81,124
2020/4/11 3:37,-43,-67,33,79,122
2020/4/11 3:38,-51,-70,9,77,114.5
2020/4/11 3:39,-42,-67,35,80,123
2020/4/11 3:40,-49,-69,20,77,118.5
2020/4/11 3:41,-41,16,34,79,40
2020/4/11 3:42,-42,15,34,78,41.5
2020/4/11 3:43,-37,17,39,79,42.5
2020/4/11 3:44,-42,-63,34,80,117.5
2020/4/11 3:45,-49,-69,28,75,128.5
2020/4/11 3:46,-31,-53,51,91,116
2020/4/11 3:47,-48,-69,21,75,118.5
2020/4/11 3:48,-43,-66,36,78,123
2020/4/11 3:49,-42,-66,34,78,123
2020/4/11 3:50,-39,-63,39,80,122
2020/4/11 3:51,-42,-65,35,79,122.5
2020/4/11 3:52,-40,-64,35,80,121
2020/4/11 3:53,-44,-65,36,79,122
2020/4/11 3:54,-48,-64,42,78,124.5
2020/4/11 3:55,-41,-65,38,79,124
2020/4/11 3:56,-40,-63,37,80,120.5
2020/4/11 3:57,-42,-67,33,78,123
2020/4/11 3:58,-39,-64,38,79,122
2020/4/11 3:59,-45,-65,33,78,123
2020/4/11 4:00,-39,-62,38,83,123
2020/4/11 4:01,-26,-61,48,84,124
2020/4/11 4:02,-42,-66,32,78,123
2020/4/11 4:03,-44,-63,43,82,124
2020/4/11 4:04,-42,-66,35,79,122
2020/4/11 4:05,-45,14,36,77,43
2020/4/11 4:06,-42,15,33,78,39.5
2020/4/11 4:07,-43,13,33,76,42
2020/4/11 4:08,-45,-72,36,77,129.5
2020/4/11 4:09,-43,-62,33,79,118.5
2020/4/11 4:10,-42,-63,31,80,117
2020/4/11 4:11,-44,-71,33,77,127
2020/4/11 4:12,-39,-69,38,79,127
2020/4/11 4:13,-44,-66,33,78,123.5
2020/4/11 4:14,-43,-65,36,82,121.5
2020/4/11 4:15,-45,-70,35,77,126
2020/4/11 4:16,-46,-68,35,77,123.5
2020/4/11 4:17,-45,-70,30,76,123.5
2020/4/11 4:18,-43,-71,34,77,125.5
2020/4/11 4:19,-45,-71,30,75,124.5
2020/4/11 4:20,-40,-68,35,77,123
2020/4/11 4:21,-45,-71,31,75,125
2020/4/11 4:22,-41,-69,36,77,125
2020/4/11 4:23,-45,-70,33,76,122.5
2020/4/11 4:24,-50,-72,20,72,120
2020/4/11 4:25,-45,-70,34,76,125
2020/4/11 4:26,-44,-70,29,76,122.5
2020/4/11 4:27,-42,-70,34,76,125
2020/4/11 4:28,-43,-69,32,76,122.5
2020/4/11 4:29,-45,-72,31,75,125.5
2020/4/11 4:30,-42,-71,35,76,126.5
2020/4/11 4:31,-46,-70,33,76,125
2020/4/11 4:32,-41,-70,31,77,123.5
2020/4/11 4:33,-44,-69,35,76,125.5
2020/4/11 4:34,-42,-67,32,78,118.5
2020/4/11 4:35,-47,-75,28,71,124
2020/4/11 4:36,-53,-69,32,70,307
2020/4/11 4:37,-5,367,444,444,-117.5
2020/4/11 4:38,-42,-2,19,55,51.5
2020/4/11 4:39,-46,-64,39,80,126
2020/4/11 4:40,-46,-61,36,85,116.5
2020/4/11 4:41,-48,-68,29,75,309
2020/4/11 4:42,-4,376,454,453,-113.5
2020/4/11 4:43,-57,-76,0,71,117
2020/4/11 4:44,-38,21,36,82,38.5
2020/4/11 4:45,-40,-19,42,83,77
2020/4/11 4:46,-44,-86,31,74,141
2020/4/11 4:47,-40,-76,33,79,136
2020/4/11 4:48,-40,-58,41,87,117.5
2020/4/11 4:49,-42,-66,32,78,121.5
2020/4/11 4:50,-48,-70,40,79,129
2020/4/11 4:51,-19,-71,36,78,128.5
2020/4/11 4:52,-42,-68,36,79,125
2020/4/11 4:53,-43,-69,32,78,124.5
2020/4/11 4:54,-40,-69,36,79,127.5
2020/4/11 4:55,-47,-66,40,81,125.5
2020/4/11 4:56,-41,-69,33,79,124.5
2020/4/11 4:57,-44,-70,35,78,127
2020/4/11 4:58,-42,-69,32,79,124.5
2020/4/11 4:59,-40,-70,36,79,127
2020/4/11 5:00,-43,-69,32,78,125
2020/4/11 5:01,-40,-69,36,80,125.5
2020/4/11 5:02,-45,-72,32,77,126.5
2020/4/11 5:03,-46,-72,32,77,129
2020/4/11 5:04,-20,-65,39,82,123
2020/4/11 5:05,-43,-71,30,77,124.5
2020/4/11 5:06,-44,-71,30,77,125
2020/4/11 5:07,-42,-69,36,78,125.5
2020/4/11 5:08,-44,-70,32,77,125
2020/4/11 5:09,-41,-71,35,78,128
2020/4/11 5:10,-42,15,35,79,40.5
2020/4/11 5:11,-45,14,35,76,42
2020/4/11 5:12,-44,15,36,77,42.5
2020/4/11 5:13,-40,-67,36,79,123
2020/4/11 5:14,-44,-71,30,76,124.5
2020/4/11 5:15,-41,-70,36,77,127
2020/4/11 5:16,-40,-70,36,78,126
2020/4/11 5:17,-44,-72,31,76,127
2020/4/11 5:18,-40,-70,36,79,126.5
2020/4/11 5:19,-43,-70,31,77,124.5
2020/4/11 5:20,-42,-71,35,78,127.5
2020/4/11 5:21,-41,-71,35,78,126.5
2020/4/11 5:22,-43,-72,32,76,127
2020/4/11 5:23,-40,-70,34,78,125.5
2020/4/11 5:24,-44,-72,31,77,126
2020/4/11 5:25,-43,-71,30,77,124.5
2020/4/11 5:26,-46,-71,34,77,126.5
2020/4/11 5:27,-44,-70,31,77,124
2020/4/11 5:28,-44,-72,34,77,127.5
2020/4/11 5:29,-44,-73,32,77,127
2020/4/11 5:30,-53,-72,5,76,113
2020/4/11 5:31,-45,-72,34,77,128
2020/4/11 5:32,-43,-71,30,78,125
2020/4/11 5:33,-45,-70,35,78,126
2020/4/11 5:34,-43,-70,32,77,126.5
2020/4/11 5:35,-39,-62,38,81,119.5
2020/4/11 5:36,-44,-74,34,77,128.5
2020/4/11 5:37,-49,-76,15,75,122.5
2020/4/11 5:38,-45,-68,34,78,124
2020/4/11 5:39,-44,-69,33,78,124
2020/4/11 5:40,-40,0,35,77,58.5
2020/4/11 5:41,-45,-15,40,82,74.5
2020/4/11 5:42,-43,-65,32,79,120.5
2020/4/11 5:43,-40,-74,37,79,133
2020/4/11 5:44,-44,-70,43,81,131.5
2020/4/11 5:45,-40,-68,37,80,126.5
2020/4/11 5:46,-43,17,36,80,40.5
2020/4/11 5:47,-41,16,35,79,41
2020/4/11 5:48,-39,17,39,79,42.5
2020/4/11 5:49,-43,-65,33,80,121.5
2020/4/11 5:50,-39,-70,37,80,129
2020/4/11 5:51,-44,-71,45,81,133.5
2020/4/11 5:52,-42,-70,34,80,127.5
2020/4/11 5:53,-39,-69,37,81,127.5
2020/4/11 5:54,-44,-71,36,80,129.5
2020/4/11 5:55,-42,-70,34,81,127.5
2020/4/11 5:56,-44,-70,37,81,129
2020/4/11 5:57,-41,-69,35,81,129
2020/4/11 5:58,-40,-66,46,85,129.5
2020/4/11 5:59,-42,-67,34,81,124.5
2020/4/11 6:00,-41,-75,34,81,132.5
2020/4/11 6:01,-44,-74,37,81,133
2020/4/11 6:02,-42,-71,33,81,128
2020/4/11 6:03,-40,-71,38,81,130
2020/4/11 6:04,-43,-74,35,80,132
2020/4/11 6:05,-40,-72,38,81,131
2020/4/11 6:06,-45,-73,36,80,131.5
2020/4/11 6:07,-41,-72,34,81,129.5
2020/4/11 6:08,-42,-72,37,81,131
2020/4/11 6:09,-43,-74,34,81,131.5
2020/4/11 6:10,-43,-70,38,81,129
2020/4/11 6:11,-44,-72,35,80,130
2020/4/11 6:12,-42,-72,34,81,129
2020/4/11 6:13,-45,-73,37,80,130.5
2020/4/11 6:14,-46,-78,31,78,134
2020/4/11 6:15,-41,-74,38,81,132.5
2020/4/11 6:16,-44,-73,33,79,130.5
2020/4/11 6:17,-40,-72,38,82,131
2020/4/11 6:18,-45,-73,36,80,131.5
2020/4/11 6:19,-42,-74,34,81,132
2020/4/11 6:20,-42,-72,38,82,131
2020/4/11 6:21,-45,-73,33,80,130.5
2020/4/11 6:22,-39,-72,39,82,132
2020/4/11 6:23,-48,-74,45,81,137
2020/4/11 6:24,-42,-73,34,81,130
2020/4/11 6:25,-46,-75,35,80,132.5
2020/4/11 6:26,-45,-73,35,80,131
2020/4/11 6:27,-43,-74,34,81,133
2020/4/11 6:28,-26,-71,46,84,135
2020/4/11 6:29,-44,-73,33,82,130
2020/4/11 6:30,-42,-72,38,81,131.5
2020/4/11 6:31,-43,-74,32,81,129.5
2020/4/11 6:32,-45,-76,31,79,131
2020/4/11 6:33,-45,-74,33,79,130.5
2020/4/11 6:34,-44,-74,32,80,130
2020/4/11 6:35,-43,-74,36,80,131.5
2020/4/11 6:36,-45,-75,33,79,132
2020/4/11 6:37,-49,-74,26,81,126
2020/4/11 6:38,-46,-77,32,78,133
2020/4/11 6:39,-43,-73,34,80,130.5
2020/4/11 6:40,-45,-74,36,81,132
2020/4/11 6:41,-42,-74,33,80,130
2020/4/11 6:42,-46,-76,36,79,134.5
2020/4/11 6:43,-44,-71,38,81,130
2020/4/11 6:44,-43,-74,32,80,130
2020/4/11 6:45,-45,-74,36,80,132.5
2020/4/11 6:46,-42,-74,33,81,131
2020/4/11 6:47,-42,-74,38,81,133.5
2020/4/11 6:48,-42,-72,36,81,130.5
2020/4/11 6:49,-43,-72,37,81,131
2020/4/11 6:50,37,-76,33,81,132
2020/4/11 6:51,-50,-74,20,79,124.5
2020/4/11 6:52,-45,-72,36,81,130.5
2020/4/11 6:53,-42,-74,32,81,130.5
2020/4/11 6:54,-45,-74,37,81,133.5
2020/4/11 6:55,-42,-74,34,82,132.5
2020/4/11 6:56,-40,-71,39,83,131.5
2020/4/11 6:57,-43,-72,34,82,129.5
2020/4/11 6:58,-44,-73,33,81,131
2020/4/11 6:59,-39,-71,40,83,132
2020/4/11 7:00,-44,-72,35,82,131.5
2020/4/11 7:01,-40,-72,37,84,132
2020/4/11 7:02,-45,-72,37,83,132
2020/4/11 7:03,-43,-72,35,83,131.5
2020/4/11 7:04,-41,-70,40,84,131
2020/4/11 7:05,-45,-72,35,82,131.5
2020/4/11 7:06,-40,-71,40,84,132.5
2020/4/11 7:07,-49,-74,43,83,137.5
2020/4/11 7:08,-40,-70,39,84,131
2020/4/11 7:09,-42,18,36,83,40.5
2020/4/11 7:10,-44,-59,35,81,118
2020/4/11 7:11,-37,-71,40,83,128.5
2020/4/11 7:12,-48,-90,28,75,144
2020/4/11 7:13,-45,-77,36,80,135
2020/4/11 7:14,-54,-73,42,80,133.5
2020/4/11 7:15,-48,-76,32,79,130.5
2020/4/11 7:16,-49,-76,32,77,128.5
2020/4/11 7:17,-50,-84,25,73,136
2020/4/11 7:18,-46,-75,34,79,132
2020/4/11 7:19,-44,-80,35,80,138.5
2020/4/11 7:20,-42,-72,34,82,133.5
2020/4/11 7:21,-22,-65,50,89,132.5
2020/4/11 7:22,-41,-70,36,85,131.5
2020/4/11 7:23,-36,-69,43,87,132
2020/4/11 7:24,-43,-72,35,83,132
2020/4/11 7:25,-39,-71,40,85,133
2020/4/11 7:26,-42,-72,38,84,133.5
2020/4/11 7:27,-39,-72,38,85,133
2020/4/11 7:28,-44,-74,39,84,135.5
2020/4/11 7:29,-42,-73,35,84,133.5
2020/4/11 7:30,-43,-71,33,86,130.5
2020/4/11 7:31,-40,-72,39,86,133.5
2020/4/11 7:32,-43,-73,35,84,133
2020/4/11 7:33,-39,-72,41,85,135.5
2020/4/11 7:34,-41,-72,37,86,134.5
2020/4/11 7:35,-33,-69,48,88,135
2020/4/11 7:36,-44,-73,37,84,132
2020/4/11 7:37,-49,-75,36,81,135
2020/4/11 7:38,-44,-73,38,84,132.5
2020/4/11 7:39,-48,-79,34,81,138.5
2020/4/11 7:40,-41,-73,40,85,134.5
2020/4/11 7:41,-43,-73,36,83,133.5
2020/4/11 7:42,-39,-68,39,85,128.5
2020/4/11 7:43,-45,18,38,82,44
2020/4/11 7:44,-31,23,48,86,41
2020/4/11 7:45,-45,-73,34,80,129
2020/4/11 7:46,-49,-74,25,78,127.5
2020/4/11 7:47,-42,-70,38,82,130
2020/4/11 7:48,-44,-72,37,82,132.5
2020/4/11 7:49,-37,-71,42,84,133.5
2020/4/11 7:50,-42,-71,37,83,130.5
2020/4/11 7:51,-41,-72,34,82,130
2020/4/11 7:52,-41,-72,35,82,131.5
2020/4/11 7:53,-46,-71,43,84,133.5
2020/4/11 7:54,-40,-71,37,82,131
2020/4/11 7:55,-48,-71,39,83,131.5
2020/4/11 7:56,-42,-74,34,82,131.5
2020/4/11 7:57,-44,-72,36,81,131.5
2020/4/11 7:58,-42,-70,34,83,128
2020/4/11 7:59,-43,-72,33,82,131.5
2020/4/11 8:00,-38,-67,46,86,131
2020/4/11 8:01,-40,-70,36,82,128.5
2020/4/11 8:02,-40,-80,37,81,139
2020/4/11 8:03,-44,-77,34,81,136
2020/4/11 8:04,-40,-70,37,84,129.5
2020/4/11 8:05,-45,-72,38,82,132
2020/4/11 8:06,-42,-74,34,82,132
2020/4/11 8:07,-42,-74,37,82,133.5
2020/4/11 8:08,-44,-72,35,82,131.5
2020/4/11 8:09,-43,-71,36,84,129.5
2020/4/11 8:10,-45,-75,35,81,134
2020/4/11 8:11,-44,-72,34,83,130.5
2020/4/11 8:12,-43,-73,38,83,134.5
2020/4/11 8:13,-37,-71,41,85,133.5
2020/4/11 8:14,-38,-71,42,84,132.5
2020/4/11 8:15,-45,-74,35,81,132.5
2020/4/11 8:16,-46,-75,30,82,131
2020/4/11 8:17,-45,-75,37,82,135
2020/4/11 8:18,-44,-73,34,83,131.5
2020/4/11 8:19,-40,-73,39,83,133
2020/4/11 8:20,-45,-75,34,81,134
2020/4/11 8:21,-40,-73,40,84,134
2020/4/11 8:22,-45,-74,35,82,133
2020/4/11 8:23,-42,-73,35,83,132
2020/4/11 8:24,-46,-75,37,83,136
2020/4/11 8:25,-47,-70,45,85,132
2020/4/11 8:26,-49,-78,35,79,137
2020/4/11 8:27,-40,-74,39,83,134.5
2020/4/11 8:28,-45,-76,36,82,135.5
2020/4/11 8:29,-43,-74,34,83,132.5
2020/4/11 8:30,-46,-75,37,83,134.5
2020/4/11 8:31,-44,-75,34,82,133
2020/4/11 8:32,-44,-75,36,82,135
2020/4/11 8:33,-48,-75,41,84,137
2020/4/11 8:34,-42,-75,37,83,134.5
2020/4/11 8:35,-45,-75,34,82,133
2020/4/11 8:36,-46,-76,35,82,135.5
2020/4/11 8:37,-40,-74,40,84,135
2020/4/11 8:38,-45,17,38,82,43
2020/4/11 8:39,-41,-76,37,82,135
2020/4/11 8:40,-45,-78,35,81,137.5
2020/4/11 8:41,-41,-75,36,84,135
2020/4/11 8:42,-45,-74,37,84,134.5
2020/4/11 8:43,-42,-74,35,84,133.5
2020/4/11 8:44,-45,-75,40,84,136.5
2020/4/11 8:45,-45,16,37,83,44.5
2020/4/11 8:46,-41,20,41,84,41
2020/4/11 8:47,-50,-76,42,81,138.5
2020/4/11 8:48,-42,-74,39,83,138.5
2020/4/11 8:49,-41,-62,42,90,123.5
2020/4/11 8:50,-43,-88,36,81,150
2020/4/11 8:51,-37,-72,44,88,135.5
2020/4/11 8:52,-47,-75,38,83,135.5
2020/4/11 8:53,-48,-78,37,83,137.5
2020/4/11 8:54,-52,-80,32,82,139
2020/4/11 8:55,-42,-77,39,86,139
2020/4/11 8:56,-45,-81,36,85,142.5
2020/4/11 8:57,-41,-83,41,87,148
2020/4/11 8:58,-47,-85,36,89,146
2020/4/11 8:59,-43,-86,38,86,149
2020/4/11 9:00,-40,-85,43,88,150
2020/4/11 9:01,-43,-84,37,87,145.5
2020/4/11 9:02,-47,-87,37,86,149
2020/4/11 9:03,-51,-89,41,87,156
2020/4/11 9:04,-35,-81,49,93,149.5
2020/4/11 9:05,-44,-87,40,88,150
2020/4/11 9:06,-47,-90,35,86,151
2020/4/11 9:07,-43,-88,40,87,151.5
2020/4/11 9:08,-47,-90,37,87,153.5
2020/4/11 9:09,-41,-87,40,90,150.5
2020/4/11 9:10,-46,-90,39,87,153
2020/4/11 9:11,-46,-89,34,87,151
2020/4/11 9:12,-24,-88,46,90,154.5
2020/4/11 9:13,-46,-91,36,87,152.5
2020/4/11 9:14,-41,5,40,87,57.5
2020/4/11 9:15,-44,-94,33,85,153.5
2020/4/11 9:16,-41,-92,38,86,153
2020/4/11 9:17,-48,-95,33,84,154.5
2020/4/11 9:18,-43,-93,37,86,154.5
2020/4/11 9:19,-46,-94,37,86,156
2020/4/11 9:20,-45,-94,34,87,155.5
2020/4/11 9:21,-44,-90,38,89,155
2020/4/11 9:22,-42,-88,41,92,151.5
2020/4/11 9:23,-46,-96,33,86,156.5
2020/4/11 9:24,-42,-95,39,88,158
2020/4/11 9:25,-45,-95,35,87,156.5
2020/4/11 9:26,-42,-95,38,88,157.5
2020/4/11 9:28,-46,-99,35,87,163.5
2020/4/11 9:29,-35,-88,47,94,155.5
2020/4/11 9:30,-46,-94,37,88,156
2020/4/11 9:31,-48,-98,46,87,165
2020/4/11 9:32,-42,-100,38,88,162
2020/4/11 9:33,-51,-99,43,86,165
2020/4/11 9:34,-43,-97,39,89,161
2020/4/11 9:35,-42,-98,38,89,158.5
2020/4/11 9:36,-50,-104,28,83,160
2020/4/11 9:37,-46,-101,34,84,159.5
2020/4/11 9:38,-48,0,31,83,57
2020/4/11 9:39,-49,-103,32,83,161
2020/4/11 9:40,-51,-104,38,84,164.5
2020/4/11 9:41,-50,-4,34,83,63
2020/4/11 9:42,-46,10,35,84,49.5
2020/4/11 9:43,-50,12,33,84,45
2020/4/11 9:44,-51,12,32,81,42.5
2020/4/11 9:45,-53,8,30,77,48
2020/4/11 9:46,-48,14,33,82,43
2020/4/11 9:47,-48,-78,27,81,131.5
2020/4/11 9:48,-51,-88,29,80,143.5
2020/4/11 9:49,-48,-92,28,82,148.5
2020/4/11 9:50,-45,-96,33,85,155.5
2020/4/11 9:51,-49,-84,32,86,142.5
2020/4/11 9:52,-44,-100,34,85,159
2020/4/11 9:53,-48,-104,31,84,166
2020/4/11 9:54,-21,-91,58,93,163
2020/4/11 9:55,-42,-100,37,86,161
2020/4/11 9:56,-47,-102,31,85,159.5
2020/4/11 9:57,-49,-105,33,84,163.5
2020/4/11 9:58,-49,-106,27,84,161.5
2020/4/11 9:59,-49,-106,28,84,163
2020/4/11 10:00,-48,-105,33,86,166
2020/4/11 10:01,-47,-102,32,89,161.5
2020/4/11 10:02,-45,-107,34,87,166.5
2020/4/11 10:03,-49,-107,30,85,166
2020/4/11 10:04,-45,-107,35,88,167
2020/4/11 10:05,-50,-109,30,85,167
2020/4/11 10:06,-47,-110,32,86,169
2020/4/11 10:07,-50,-109,32,86,168
2020/4/11 10:08,-50,-110,32,86,169.5
2020/4/11 10:09,-47,-113,32,87,172.5
2020/4/11 10:10,-48,-114,34,87,174.5
2020/4/11 10:11,-45,-116,33,87,177
2020/4/11 10:12,-44,-114,34,89,177.5
2020/4/11 10:13,-47,11,41,93,52.5
2020/4/11 10:14,-48,-105,28,86,163
2020/4/11 10:15,-49,-110,32,88,169.5
2020/4/11 10:16,-48,-111,28,87,169.5
2020/4/11 10:17,-44,-115,34,89,176
2020/4/11 10:18,-50,-117,31,88,177.5
2020/4/11 10:19,-45,-116,36,90,179.5
2020/4/11 10:20,-50,-116,39,91,178
2020/4/11 10:21,-50,-54,27,85,112
2020/4/11 10:22,-50,-117,31,89,177.5
2020/4/11 10:23,-47,-108,32,90,169
2020/4/11 10:24,-50,-119,33,90,182.5
2020/4/11 10:25,-48,-121,31,94,181
2020/4/11 10:26,-52,-128,31,89,188.5
2020/4/11 10:27,-50,-125,30,90,187
2020/4/11 10:28,-44,-123,37,94,187.5
2020/4/11 10:29,-50,-124,43,92,191
2020/4/11 10:30,-50,-128,33,91,189.5
2020/4/11 10:31,-51,-128,33,90,189.5
2020/4/11 10:32,-51,-130,30,90,190.5
2020/4/11 10:33,-47,-130,34,91,192
2020/4/11 10:34,-51,-132,29,90,192.5
2020/4/11 10:35,-47,-130,32,92,192
2020/4/11 10:36,-48,-130,31,92,191
2020/4/11 10:37,-51,-141,32,91,202
2020/4/11 10:38,-49,-138,27,90,197.5
2020/4/11 10:39,-46,-133,34,92,195.5
2020/4/11 10:40,-50,-135,30,91,196.5
2020/4/11 10:41,-46,-135,34,93,198
2020/4/11 10:42,-50,-138,31,92,198.5
2020/4/11 10:43,-58,-139,12,90,191.5
2020/4/11 10:44,-50,-136,33,93,198
2020/4/11 10:45,-49,-142,28,91,204.5
2020/4/11 10:46,-45,-138,37,97,204
2020/4/11 10:47,-48,-140,33,95,204
2020/4/11 10:48,-48,-139,35,95,203
2020/4/11 10:49,-51,-141,31,93,203.5
2020/4/11 10:50,-47,-145,33,94,209.5
2020/4/11 10:51,-52,-74,34,96,227
2020/4/11 10:52,-8,211,381,272,6.5
2020/4/11 10:53,-47,-141,37,54,206
2020/4/11 10:54,-47,-149,33,93,210.5
2020/4/11 10:55,-50,-153,28,90,213
2020/4/11 10:56,-45,-156,33,92,219
2020/4/11 10:57,-48,-157,32,93,220
2020/4/11 10:58,-50,-25,34,94,89
2020/4/11 10:59,-54,-8,40,94,75
2020/4/11 11:00,-50,-97,33,94,160.5
2020/4/11 11:01,-48,-91,31,94,156
2020/4/11 11:02,-42,-148,39,99,195.5
2020/4/11 11:03,-8,-34,39,56,100.5
2020/4/11 11:04,-48,-165,32,94,231
2020/4/11 11:05,-45,-154,33,100,224.5
2020/4/11 11:06,-21,-144,46,108,218
2020/4/11 11:07,-45,-156,35,102,227.5
2020/4/11 11:08,-19,-166,46,108,240.5
2020/4/11 11:09,-46,-176,35,103,247
2020/4/11 11:10,-42,-177,39,107,249.5
2020/4/11 11:11,-43,-179,39,106,251
2020/4/11 11:12,-46,-182,35,105,250.5
2020/4/11 11:13,-52,-188,21,102,251
2020/4/11 11:14,-47,-191,37,105,263
2020/4/11 11:15,-45,-194,34,107,265
2020/4/11 11:16,-44,-194,38,108,267
2020/4/11 11:17,-47,-197,35,108,270.5
2020/4/11 11:18,-41,-199,40,112,273.5
2020/4/11 11:19,-47,-205,37,109,279
2020/4/11 11:20,-44,-206,36,111,278.5
2020/4/11 11:21,-48,-211,36,109,282.5
2020/4/11 11:22,-50,-218,36,107,291.5
2020/4/11 11:23,-47,-220,36,111,293.5
2020/4/11 11:24,-47,-224,33,111,297
2020/4/11 11:25,-43,-223,38,113,298
2020/4/11 11:26,-48,-229,35,112,303
2020/4/11 11:27,-44,-176,37,113,250
2020/4/11 11:28,-48,-164,35,111,236.5
2020/4/11 11:29,-50,-173,41,110,249.5
2020/4/11 11:30,-46,-169,36,112,244
2020/4/11 11:31,-45,-159,37,114,234
2020/4/11 11:32,-47,-164,33,113,238.5
2020/4/11 11:33,-42,-168,38,116,245
2020/4/11 11:34,-47,-175,35,116,251
2020/4/11 11:35,-45,-178,34,117,255.5
2020/4/11 11:36,-51,-176,39,121,255.5
2020/4/11 11:37,-46,-186,31,120,263
2020/4/11 11:38,-43,-186,37,123,265.5
2020/4/11 11:39,-47,-192,32,122,271
2020/4/11 11:40,-43,-200,37,126,281.5
2020/4/11 11:41,-47,-205,36,126,285
2020/4/11 11:42,-50,-211,36,124,294
2020/4/11 11:43,-43,-216,36,130,299
2020/4/11 11:44,-46,-223,33,130,307
2020/4/11 11:45,-42,-229,38,135,314.5
2020/4/11 11:46,-47,-233,35,133,318
2020/4/11 11:47,-44,-238,33,135,323.5
2020/4/11 11:48,-42,-245,37,138,331.5
2020/4/11 11:49,-48,-254,35,136,340
2020/4/11 11:50,-46,-256,32,137,345.5
2020/4/11 11:51,-44,-50,39,147,145
2020/4/11 11:52,-42,-17,42,151,111
2020/4/11 11:53,-47,-118,34,146,210
2020/4/11 11:54,-44,-158,33,150,253.5
2020/4/11 11:55,-44,-39,38,158,143
2020/4/11 11:56,-34,-7,52,170,113
2020/4/11 11:57,-47,-5,37,160,105.5
2020/4/11 11:58,-46,0,38,164,102.5
2020/4/11 11:59,-45,5,35,167,97
2020/4/11 12:00,-42,9,40,169,92.5
2020/4/11 12:01,-44,-87,31,163,186
2020/4/11 12:02,-44,-103,33,167,202.5
2020/4/11 12:03,-47,-128,32,166,227
2020/4/11 12:04,-44,-167,31,166,267
2020/4/11 12:05,-43,-201,34,169,302.5
2020/4/11 12:06,-44,-228,31,169,340
2020/4/11 12:07,-50,-234,44,193,354
2020/4/11 12:08,-46,-250,48,196,372.5
2020/4/11 12:09,-47,-262,47,197,382.5
2020/4/11 12:10,-51,-271,40,194,387
2020/4/11 12:11,-52,-282,40,192,399.5
2020/4/11 12:12,-51,-289,41,195,406.5
2020/4/11 12:13,-52,-293,41,194,411.5
2020/4/11 12:14,-51,-295,44,196,414.5
2020/4/11 12:15,-52,-299,44,195,418.5
2020/4/11 12:16,-52,-302,42,195,420
2020/4/11 12:17,-55,-305,51,194,427
2020/4/11 12:18,-52,-308,41,193,424.5
2020/4/11 12:19,-52,-312,40,192,429
2020/4/11 12:20,-47,-313,44,194,431.5
2020/4/11 12:21,-52,-312,43,193,431.5
2020/4/11 12:22,-47,-312,45,196,432.5
2020/4/11 12:23,-48,-312,45,196,432
2020/4/11 12:24,-49,-312,44,195,431.5
2020/4/11 12:25,-49,-314,45,195,433.5
2020/4/11 12:26,-49,-315,45,194,435
2020/4/11 12:27,-48,-316,45,195,436
2020/4/11 12:28,-47,-317,46,195,434
2020/4/11 12:29,-58,-318,42,188,435
2020/4/11 12:30,-52,-318,39,192,433.5
2020/4/11 12:31,-51,-316,39,192,431.5
2020/4/11 12:32,-50,-319,41,192,436.5
2020/4/11 12:33,-50,-319,41,194,436.5
2020/4/11 12:34,-50,-318,41,194,434.5
2020/4/11 12:35,-50,-318,40,192,434
2020/4/11 12:36,-53,-318,43,192,436
2020/4/11 12:37,-48,-319,45,193,438.5
2020/4/11 12:38,-47,-320,46,194,440
2020/4/11 12:39,-48,-319,46,194,439
2020/4/11 12:40,-48,-319,45,194,438
2020/4/11 12:41,-48,-319,45,193,438.5
2020/4/11 12:42,-48,-319,46,194,443
2020/4/11 12:43,-26,-318,54,202,442
2020/4/11 12:44,-47,-320,48,194,440.5
2020/4/11 12:45,-50,-320,45,193,440
2020/4/11 12:46,-47,-321,46,195,441
2020/4/11 12:47,-48,-320,45,194,434.5
2020/4/11 12:48,-57,-306,37,184,420.5
2020/4/11 12:49,-48,-325,44,192,438.5
2020/4/11 12:50,-59,-327,20,183,433
2020/4/11 12:51,-49,-326,46,192,444
2020/4/11 12:52,-54,-364,42,190,488
2020/4/11 12:53,-50,-356,44,206,482.5
2020/4/11 12:54,-54,-189,45,209,311.5
2020/4/11 12:55,-56,-343,50,200,429
2020/4/11 12:56,-9,-327,65,122,398.5
2020/4/11 12:57,-5,-196,49,78,321.5
2020/4/11 12:58,-53,-304,38,202,426
2020/4/11 12:59,-54,-311,43,206,435.5
2020/4/11 13:00,-56,-321,42,206,445
2020/4/11 13:01,-56,-343,42,206,466.5
2020/4/11 13:02,-54,-313,40,205,436
2020/4/11 13:03,-53,-347,40,206,471
2020/4/11 13:04,-49,-262,46,208,389.5
2020/4/11 13:05,-48,-315,45,209,442
2020/4/11 13:06,-50,-325,44,209,447
2020/4/11 13:07,-58,-343,30,200,463
2020/4/11 13:08,-54,-127,44,210,248
2020/4/11 13:09,-60,-311,29,198,429.5
2020/4/11 13:10,-54,-314,42,208,439
2020/4/11 13:11,-55,-325,42,208,451
2020/4/11 13:12,-54,-344,43,210,468
2020/4/11 13:13,-53,-310,39,205,434.5
2020/4/11 13:14,-57,-346,49,210,474.5
2020/4/11 13:15,-54,-256,43,208,387.5
2020/4/11 13:17,-25,-312,54,220,444.5
2020/4/11 13:18,-52,-326,40,211,451
2020/4/11 13:19,-52,-347,39,210,469.5
2020/4/11 13:20,-55,-324,40,206,449.5
2020/4/11 13:21,-55,-341,43,211,468
2020/4/11 13:22,-55,-138,50,211,268.5
2020/4/11 13:23,-52,-325,40,211,451
2020/4/11 13:24,-52,-338,41,212,465.5
2020/4/11 13:25,-51,-325,44,214,455.5
2020/4/11 13:26,-51,-134,45,217,265
2020/4/11 13:28,-56,-68,43,217,201
2020/4/11 13:29,-53,-232,40,223,367.5
2020/4/11 13:30,-55,-250,42,231,386.5
2020/4/11 13:31,-53,-271,43,231,408
2020/4/11 13:32,-50,-310,43,231,443
2020/4/11 13:33,-50,-248,42,223,387
2020/4/11 13:34,-52,-78,47,236,220.5
2020/4/11 13:35,-53,-47,43,238,189
2020/4/11 13:36,-54,-32,42,241,172
2020/4/11 13:37,-51,-180,39,238,322.5
2020/4/11 13:38,-49,-209,45,246,355
2020/4/11 13:39,-51,-226,44,247,371
2020/4/11 13:40,-50,-266,45,246,411.5
2020/4/11 13:41,-50,-309,45,246,460
2020/4/11 13:42,-38,-128,53,257,279.5
2020/4/11 13:43,-50,-60,48,250,203
2020/4/11 13:44,-53,-215,37,238,355
2020/4/11 13:45,-54,-255,40,243,397.5
2020/4/11 13:46,-54,-271,41,245,414.5
2020/4/11 13:47,-50,-307,45,246,452.5
2020/4/11 13:48,-52,-134,45,246,274.5
2020/4/11 13:49,-58,-315,23,236,452
2020/4/11 13:50,-52,-255,46,251,400
2020/4/11 13:51,-56,-137,50,244,283.5
2020/4/11 13:52,-53,-309,44,243,446.5
2020/4/11 13:53,-53,-264,38,231,407
2020/4/11 13:54,-53,-75,46,248,219
2020/4/11 13:55,-53,-279,38,242,421.5
2020/4/11 13:56,-57,-306,53,247,457.5
2020/4/11 13:57,-53,-264,42,250,413
2020/4/11 13:58,-33,-96,57,256,244
2020/4/11 13:59,-55,-300,41,239,442.5
2020/4/11 14:00,-53,-329,44,244,475.5
2020/4/11 14:01,-50,-88,48,249,236
2020/4/11 14:02,-51,-50,48,248,195
2020/4/11 14:03,-54,-250,38,242,392.5
2020/4/11 14:04,-51,-269,43,247,414.5
2020/4/11 14:05,-50,-305,44,248,452.5
2020/4/11 14:06,-52,-268,45,251,413.5
2020/4/11 14:07,-54,-101,43,246,243
2020/4/11 14:08,-50,-257,43,241,401
2020/4/11 14:09,-54,-312,42,245,453
2020/4/11 14:10,-52,-214,39,240,356.5
2020/4/11 14:11,-54,-112,44,246,257
2020/4/11 14:12,-55,-58,45,246,200.5
2020/4/11 14:13,-54,-263,37,240,403.5
2020/4/11 14:14,-53,-283,39,244,424.5
2020/4/11 14:15,-52,-317,39,244,458
2020/4/11 14:16,-54,-323,39,243,467.5
2020/4/11 14:17,-56,-280,37,250,421.5
2020/4/11 14:18,-53,-95,42,246,236.5
2020/4/11 14:19,-54,-315,38,241,455.5
2020/4/11 14:20,-53,-156,39,243,298.5
2020/4/11 14:21,-50,-324,44,246,467
2020/4/11 14:22,-58,-92,45,242,236.5
2020/4/11 14:23,-52,-307,41,244,450
2020/4/11 14:24,-50,-148,44,245,290
2020/4/11 14:25,-53,-187,40,240,331
2020/4/11 14:26,-51,-67,45,248,214
2020/4/11 14:27,-51,-43,45,249,186
2020/4/11 14:28,-53,-231,36,241,374
2020/4/11 14:29,-55,-260,49,250,410
2020/4/11 14:30,-49,-290,44,251,432.5
2020/4/11 14:31,-52,-200,41,241,345.5
2020/4/11 14:32,-50,-123,44,250,269.5
2020/4/11 14:33,-50,-131,44,249,276.5
2020/4/11 14:34,-53,-106,40,247,250.5
2020/4/11 14:35,-53,-55,42,249,201.5
2020/4/11 14:36,-49,-36,46,251,183.5
2020/4/11 14:37,-50,-260,43,249,408
2020/4/11 14:38,-51,-276,43,253,423
2020/4/11 14:39,-51,-323,42,251,469
2020/4/11 14:40,-54,-118,43,250,265
2020/4/11 14:41,-54,-58,44,251,208
2020/4/11 14:42,-51,-289,39,256,435
2020/4/11 14:43,-50,-330,42,253,477.5
2020/4/11 14:44,-50,-326,42,253,473
2020/4/11 14:45,-52,-115,41,252,267
2020/4/11 14:46,-49,-234,47,263,384
2020/4/11 14:47,-54,-89,44,253,238
2020/4/11 14:48,-53,-49,45,254,203.5
2020/4/11 14:49,-32,-29,55,264,182
2020/4/11 14:50,-54,-174,36,251,319
2020/4/11 14:51,-54,-247,35,254,397
2020/4/11 14:52,-48,-276,46,265,299
,,,,,
,,,,,
,,,,,
,,,,,
,,,,,
,,,,,
,,,,,
,,,,,
,,,,,
,,,,,
,,,,,
,,,,,
,,,,,
,,,,,
,,,,,
,,,,,
,,,,,
,,,,,
,,,,,
,,,,,
,,,,,
,,,,,
,,,,,
,,,,,
,,,,,
,,,,,
,,,,,
,,,,,
,,,,,
,,,,,
,,,,,
,,,,,
,,,,,
,,,,,
,,,,,
,,,,,
,,,,,
,,,,,
,,,,,
,,,,,
,,,,,
,,,,,
,,,,,
,,,,,
,,,,,
,,,,,
,,,,,
,,,,,
,,,,,
,,,,,
,,,,,
,,,,,
,,,,,
,,,,,
,,,,,
,,,,,
,,,,,
,,,,,
,,,,,
,,,,,
,,,,,
,,,,,
,,,,,
,,,,,
,,,,,
,,,,,
,,,,,
,,,,,
,,,,,
,,,,,
,,,,,
,,,,,
,,,,,
,,,,,
,,,,,
,,,,,
,,,,,
,,,,,
,,,,,
,,,,,
,,,,,
,,,,,
,,,,,
,,,,,
,,,,,
,,,,,
,,,,,
,,,,,
,,,,,
,,,,,
,,,,,
,,,,,
,,,,,
,,,,,
,,,,,
